epoch,minibatch,loss
0,0,0.09103622436523437
0,50,4.0699679565429685
0,100,3.541534662246704
