epoch,minibatch,loss
0,0,0.09134665489196778
0,50,4.221272740364075
0,100,3.5660593509674072
0,150,3.5804577445983887
0,200,3.472055048942566
