epoch,minibatch,loss
0,0,0.09063302993774414
0,50,3.9694255065917967
0,100,3.540313377380371
0,150,3.560871696472168
0,200,3.462359433174133
0,250,3.406636347770691
0,300,3.211207218170166
